"","who.region","Ecoli","Saureus","sc2_ecoli_loss","sc2_saureus_loss"
"1","AFRO",284198,184115,9787068.338996,6340099.861798
"2","EMRO",449270,291055,19463687.954474,12608735.566508
"3","EURO",1506213,975786,74338387.497926,48157045.032493
"4","PAHO",7005140,4538214,399492390.860281,258794788.957576
"5","SEARO",8067611,5226525,120664610.312302,78167713.571931
"6","WPRO",20780552,13462484,313484380.679294,203078947.792817
